region,effect_size
rh_entorhinal,0.7378224848296148
lh_entorhinal,0.7181252769430108
rh_parahippocampal,0.6107743136917086
lh_parahippocampal,0.6095158663172064
rh_inferiortemporal,0.5960582434270041
rh_middletemporal,0.588717459988749
rh_inferiorparietal,0.5870732794419155
rh_fusiform,0.5563987259752017
lh_inferiortemporal,0.545418932051318
lh_inferiorparietal,0.5422837144330054
